Project Title,Semester,Project Category,Status,Description
Motor Control Unit,Spring 2025,Embedded Systems,Completed,"Team will develop a motor control unit in the embedded systems area for American Airlines, delivering a working prototype, documentation, and final presentation."
Serverless Data Ingestion for Texas Instruments,Spring 2025,Cloud Platform,Completed,"Team will develop a serverless data ingestion in the cloud platform area for Texas Instruments, delivering a working prototype, documentation, and final presentation."
Autonomous Navigation Module,Fall 2025,Robotics Control,Completed,"Team will develop a autonomous navigation module in the robotics control area for State Farm, delivering a working prototype, documentation, and final presentation."
Asset Tracking Beacons for Verizon,Fall 2026,IoT Sensor Network,Active,"Team will develop a asset tracking beacons in the iot sensor network area for Verizon, delivering a working prototype, documentation, and final presentation."
Scheduling Platform,Fall 2025,Web/Mobile App,Completed,"Team will develop a scheduling platform in the web/mobile app area for Ericsson, delivering a working prototype, documentation, and final presentation."
Computer Vision Inspector for North Texas Food Bank,Fall 2024,Machine Learning,Completed,"Team will develop a computer vision inspector in the machine learning area for North Texas Food Bank, delivering a working prototype, documentation, and final presentation."
Heat Dissipation Study & Redesign for Fossil Group,Spring 2026,Thermal Systems,Completed,"Team will develop a heat dissipation study & redesign in the thermal systems area for Fossil Group, delivering a working prototype, documentation, and final presentation."
Autonomous Navigation Module,Fall 2025,Robotics Control,Completed,"Team will develop a autonomous navigation module in the robotics control area for Capital One, delivering a working prototype, documentation, and final presentation."
Assembly Line Aid,Fall 2026,Manufacturing Automation,Pending Sponsor Approval,"Team will develop a assembly line aid in the manufacturing automation area for Sabre Corporation, delivering a working prototype, documentation, and final presentation."
Defect Detection Model,Fall 2024,Machine Learning,Completed,"Team will develop a defect detection model in the machine learning area for Dell Technologies, delivering a working prototype, documentation, and final presentation."
Cloud Cost Optimizer,Spring 2025,Cloud Platform,Completed,"Team will develop a cloud cost optimizer in the cloud platform area for Halliburton, delivering a working prototype, documentation, and final presentation."
Ergonomic Tooling Fixture,Spring 2025,Mechanical Design,Completed,"Team will develop a ergonomic tooling fixture in the mechanical design area for City of Richardson, delivering a working prototype, documentation, and final presentation."
Demand Forecasting Engine,Spring 2026,Machine Learning,Completed,"Team will develop a demand forecasting engine in the machine learning area for Cirrus Logic, delivering a working prototype, documentation, and final presentation."
Phishing Simulation Tool for AT&T,Fall 2026,Cybersecurity,Pending Sponsor Approval,"Team will develop a phishing simulation tool in the cybersecurity area for AT&T, delivering a working prototype, documentation, and final presentation."
Real-Time Signal Processor for Lockheed Martin,Fall 2026,FPGA/Digital Design,Active,"Team will develop a real-time signal processor in the fpga/digital design area for Lockheed Martin, delivering a working prototype, documentation, and final presentation."
Smart Controller Board,Fall 2026,Embedded Systems,Pending Sponsor Approval,"Team will develop a smart controller board in the embedded systems area for Atmos Energy, delivering a working prototype, documentation, and final presentation."
Cloud Cost Optimizer for Frito-Lay,Fall 2026,Cloud Platform,Pending Sponsor Approval,"Team will develop a cloud cost optimizer in the cloud platform area for Frito-Lay, delivering a working prototype, documentation, and final presentation."
Report Generator,Spring 2026,Software Automation,Completed,"Team will develop a report generator in the software automation area for Habitat for Humanity Dallas, delivering a working prototype, documentation, and final presentation."
Mobile Companion App,Fall 2024,Web/Mobile App,Completed,"Team will develop a mobile companion app in the web/mobile app area for Blue Cross Blue Shield of Texas, delivering a working prototype, documentation, and final presentation."
Non-invasive Glucose Sensor,Spring 2025,Biosensor,On Hold,"Team will develop a non-invasive glucose sensor in the biosensor area for American Airlines, delivering a working prototype, documentation, and final presentation."
Workflow Automation Bot for Nokia,Fall 2024,Software Automation,Completed,"Team will develop a workflow automation bot in the software automation area for Nokia, delivering a working prototype, documentation, and final presentation."
Warehouse Robot Prototype,Fall 2025,Robotics Control,Cancelled,"Team will develop a warehouse robot prototype in the robotics control area for Blue Cross Blue Shield of Texas, delivering a working prototype, documentation, and final presentation."
Data Logger,Spring 2025,Embedded Systems,Completed,"Team will develop a data logger in the embedded systems area for Fluor Corporation, delivering a working prototype, documentation, and final presentation."
API Test Harness for Ericsson,Fall 2025,Testing Automation,Completed,"Team will develop a api test harness in the testing automation area for Ericsson, delivering a working prototype, documentation, and final presentation."
Automated Sorting Mechanism,Fall 2024,Manufacturing Automation,Completed,"Team will develop a automated sorting mechanism in the manufacturing automation area for Children's Health Dallas, delivering a working prototype, documentation, and final presentation."
Real-Time Signal Processor,Spring 2026,FPGA/Digital Design,Completed,"Team will develop a real-time signal processor in the fpga/digital design area for Nokia, delivering a working prototype, documentation, and final presentation."
Usage Analytics Pipeline,Fall 2026,Data Analytics,Pending Sponsor Approval,"Team will develop a usage analytics pipeline in the data analytics area for Kimberly-Clark, delivering a working prototype, documentation, and final presentation."
Scheduling Platform,Fall 2025,Web/Mobile App,Completed,"Team will develop a scheduling platform in the web/mobile app area for American Airlines, delivering a working prototype, documentation, and final presentation."
Non-invasive Glucose Sensor,Spring 2026,Biosensor,Completed,"Team will develop a non-invasive glucose sensor in the biosensor area for Fluor Corporation, delivering a working prototype, documentation, and final presentation."
Sleep Monitoring Band,Fall 2024,Wearable Health Tech,Cancelled,"Team will develop a sleep monitoring band in the wearable health tech area for Blue Cross Blue Shield of Texas, delivering a working prototype, documentation, and final presentation."
API Test Harness,Fall 2025,Testing Automation,Completed,"Team will develop a api test harness in the testing automation area for Cirrus Logic, delivering a working prototype, documentation, and final presentation."
Smart Facility Sensors for Halliburton,Fall 2024,IoT Sensor Network,Completed,"Team will develop a smart facility sensors in the iot sensor network area for Halliburton, delivering a working prototype, documentation, and final presentation."
Robotic Arm Controller,Fall 2024,Robotics Control,Completed,"Team will develop a robotic arm controller in the robotics control area for City of Richardson, delivering a working prototype, documentation, and final presentation."
Non-invasive Glucose Sensor,Fall 2025,Biosensor,Completed,"Team will develop a non-invasive glucose sensor in the biosensor area for UT Southwestern Medical Center, delivering a working prototype, documentation, and final presentation."
Smart Infusion Monitor,Spring 2025,Medical Device,Completed,"Team will develop a smart infusion monitor in the medical device area for Kimberly-Clark, delivering a working prototype, documentation, and final presentation."
Defect Detection Model,Spring 2026,Machine Learning,Completed,"Team will develop a defect detection model in the machine learning area for American Airlines, delivering a working prototype, documentation, and final presentation."
High-Speed Data Interface for Samsung Austin Semiconductor,Spring 2026,FPGA/Digital Design,Completed,"Team will develop a high-speed data interface in the fpga/digital design area for Samsung Austin Semiconductor, delivering a working prototype, documentation, and final presentation."
Automated Sorting Mechanism,Spring 2025,Manufacturing Automation,Completed,"Team will develop a automated sorting mechanism in the manufacturing automation area for Goldman Sachs, delivering a working prototype, documentation, and final presentation."
Gait Assist Trainer,Spring 2026,Rehabilitation Device,Completed,"Team will develop a gait assist trainer in the rehabilitation device area for Halliburton, delivering a working prototype, documentation, and final presentation."
Computer Vision Inspector,Fall 2026,Machine Learning,Pending Sponsor Approval,"Team will develop a computer vision inspector in the machine learning area for Cirrus Logic, delivering a working prototype, documentation, and final presentation."
Low-Power Sensor Node for Oncor Electric Delivery,Fall 2025,Embedded Systems,Completed,"Team will develop a low-power sensor node in the embedded systems area for Oncor Electric Delivery, delivering a working prototype, documentation, and final presentation."
Anomaly Detection System,Spring 2026,Machine Learning,Completed,"Team will develop a anomaly detection system in the machine learning area for City of Richardson, delivering a working prototype, documentation, and final presentation."
Robotic Arm Controller,Fall 2026,Robotics Control,Active,"Team will develop a robotic arm controller in the robotics control area for Toyota Connected, delivering a working prototype, documentation, and final presentation."
Predictive Maintenance Sensors for Stealth Startup (NDA),Spring 2026,IoT Sensor Network,Cancelled,"Team will develop a predictive maintenance sensors in the iot sensor network area for Stealth Startup (NDA), delivering a working prototype, documentation, and final presentation."
Assembly Line Aid,Fall 2024,Manufacturing Automation,Completed,"Team will develop a assembly line aid in the manufacturing automation area for Atmos Energy, delivering a working prototype, documentation, and final presentation."
Observability Dashboard for Kimberly-Clark,Spring 2026,DevOps Tooling,Completed,"Team will develop a observability dashboard in the devops tooling area for Kimberly-Clark, delivering a working prototype, documentation, and final presentation."
Vibration Test Rig for Halliburton,Spring 2025,Test Fixture,Completed,"Team will develop a vibration test rig in the test fixture area for Halliburton, delivering a working prototype, documentation, and final presentation."
Sweat Biomarker Sensor for Samsung Austin Semiconductor,Fall 2025,Biosensor,Completed,"Team will develop a sweat biomarker sensor in the biosensor area for Samsung Austin Semiconductor, delivering a working prototype, documentation, and final presentation."
Predictive Maintenance Sensors,Spring 2025,IoT Sensor Network,Completed,"Team will develop a predictive maintenance sensors in the iot sensor network area for Lockheed Martin, delivering a working prototype, documentation, and final presentation."
Battery Management Module for Ericsson,Fall 2024,Power Electronics,Completed,"Team will develop a battery management module in the power electronics area for Ericsson, delivering a working prototype, documentation, and final presentation."
Smart Controller Board,Spring 2025,Embedded Systems,Completed,"Team will develop a smart controller board in the embedded systems area for Kimberly-Clark, delivering a working prototype, documentation, and final presentation."
Serverless Data Ingestion,Spring 2026,Cloud Platform,Cancelled,"Team will develop a serverless data ingestion in the cloud platform area for American Airlines, delivering a working prototype, documentation, and final presentation."
EV Charging Prototype,Spring 2026,Power Electronics,Completed,"Team will develop a ev charging prototype in the power electronics area for Frito-Lay, delivering a working prototype, documentation, and final presentation."
Volunteer Management App for North Texas Food Bank,Fall 2025,Web/Mobile App,Completed,"Team will develop a volunteer management app in the web/mobile app area for North Texas Food Bank, delivering a working prototype, documentation, and final presentation."
Vulnerability Scanner,Spring 2025,Cybersecurity,Completed,"Team will develop a vulnerability scanner in the cybersecurity area for Cirrus Logic, delivering a working prototype, documentation, and final presentation."
Demand Forecasting Engine for Ericsson,Fall 2026,Machine Learning,Active,"Team will develop a demand forecasting engine in the machine learning area for Ericsson, delivering a working prototype, documentation, and final presentation."
NLP Ticket Classifier for Raytheon Technologies,Fall 2026,Machine Learning,Pending Sponsor Approval,"Team will develop a nlp ticket classifier in the machine learning area for Raytheon Technologies, delivering a working prototype, documentation, and final presentation."
Fall Detection Wearable,Fall 2025,Wearable Health Tech,Completed,"Team will develop a fall detection wearable in the wearable health tech area for Atmos Energy, delivering a working prototype, documentation, and final presentation."
Operations Dashboard for Bell Textron,Fall 2026,Data Analytics,Active,"Team will develop a operations dashboard in the data analytics area for Bell Textron, delivering a working prototype, documentation, and final presentation."
Inspection Crawler for Fluor Corporation,Spring 2025,Robotics,Completed,"Team will develop a inspection crawler in the robotics area for Fluor Corporation, delivering a working prototype, documentation, and final presentation."
CI/CD Pipeline Accelerator for Raytheon Technologies,Spring 2025,DevOps Tooling,Completed,"Team will develop a ci/cd pipeline accelerator in the devops tooling area for Raytheon Technologies, delivering a working prototype, documentation, and final presentation."
Data Logger,Spring 2025,Embedded Systems,Cancelled,"Team will develop a data logger in the embedded systems area for Habitat for Humanity Dallas, delivering a working prototype, documentation, and final presentation."
Automated Test Fixture for Toyota Connected,Fall 2025,Test Fixture,Completed,"Team will develop a automated test fixture in the test fixture area for Toyota Connected, delivering a working prototype, documentation, and final presentation."
Predictive Maintenance Sensors for Dell Technologies,Spring 2026,IoT Sensor Network,Completed,"Team will develop a predictive maintenance sensors in the iot sensor network area for Dell Technologies, delivering a working prototype, documentation, and final presentation."
Heat Dissipation Study & Redesign,Fall 2024,Thermal Systems,Completed,"Team will develop a heat dissipation study & redesign in the thermal systems area for State Farm, delivering a working prototype, documentation, and final presentation."
Supply Chain Visualizer for Goldman Sachs,Fall 2025,Data Analytics,Completed,"Team will develop a supply chain visualizer in the data analytics area for Goldman Sachs, delivering a working prototype, documentation, and final presentation."
Document Processing Pipeline for Raytheon Technologies,Fall 2024,Software Automation,Completed,"Team will develop a document processing pipeline in the software automation area for Raytheon Technologies, delivering a working prototype, documentation, and final presentation."
API Test Harness,Spring 2026,Testing Automation,Completed,"Team will develop a api test harness in the testing automation area for Kimberly-Clark, delivering a working prototype, documentation, and final presentation."
CI/CD Pipeline Accelerator,Fall 2025,DevOps Tooling,Completed,"Team will develop a ci/cd pipeline accelerator in the devops tooling area for Sabre Corporation, delivering a working prototype, documentation, and final presentation."
Motor Control Unit for Fluor Corporation,Spring 2026,Embedded Systems,Completed,"Team will develop a motor control unit in the embedded systems area for Fluor Corporation, delivering a working prototype, documentation, and final presentation."
Low-Cost Signal Analyzer,Spring 2026,RF/Antenna Design,Completed,"Team will develop a low-cost signal analyzer in the rf/antenna design area for Toyota Connected, delivering a working prototype, documentation, and final presentation."
Phishing Simulation Tool,Fall 2026,Cybersecurity,Active,"Team will develop a phishing simulation tool in the cybersecurity area for Dallas Area Rapid Transit (DART), delivering a working prototype, documentation, and final presentation."
Edge AI Accelerator for Samsung Austin Semiconductor,Fall 2026,Hardware Acceleration,Active,"Team will develop a edge ai accelerator in the hardware acceleration area for Samsung Austin Semiconductor, delivering a working prototype, documentation, and final presentation."
Video Processing Core for Lockheed Martin,Spring 2026,FPGA/Digital Design,Cancelled,"Team will develop a video processing core in the fpga/digital design area for Lockheed Martin, delivering a working prototype, documentation, and final presentation."
Environmental Monitoring Network for American Airlines,Spring 2026,IoT Sensor Network,On Hold,"Team will develop a environmental monitoring network in the iot sensor network area for American Airlines, delivering a working prototype, documentation, and final presentation."
Volunteer Management App,Fall 2025,Web/Mobile App,Completed,"Team will develop a volunteer management app in the web/mobile app area for Nokia, delivering a working prototype, documentation, and final presentation."
Compact Power Converter for Stealth Startup (NDA),Fall 2024,Power Electronics,Completed,"Team will develop a compact power converter in the power electronics area for Stealth Startup (NDA), delivering a working prototype, documentation, and final presentation."
Volunteer Management App,Fall 2026,Web/Mobile App,Active,"Team will develop a volunteer management app in the web/mobile app area for Blue Cross Blue Shield of Texas, delivering a working prototype, documentation, and final presentation."
Phishing Simulation Tool,Fall 2026,Cybersecurity,Active,"Team will develop a phishing simulation tool in the cybersecurity area for Kimberly-Clark, delivering a working prototype, documentation, and final presentation."
Fatigue Testing Station,Spring 2026,Test Fixture,On Hold,"Team will develop a fatigue testing station in the test fixture area for Stealth Startup (NDA), delivering a working prototype, documentation, and final presentation."
Hand Rehabilitation Glove,Fall 2025,Rehabilitation Device,Completed,"Team will develop a hand rehabilitation glove in the rehabilitation device area for Children's Health Dallas, delivering a working prototype, documentation, and final presentation."
Motor Control Unit,Fall 2025,Embedded Systems,Completed,"Team will develop a motor control unit in the embedded systems area for Goldman Sachs, delivering a working prototype, documentation, and final presentation."
Compact Power Converter,Fall 2024,Power Electronics,Completed,"Team will develop a compact power converter in the power electronics area for Frito-Lay, delivering a working prototype, documentation, and final presentation."
Environmental Monitoring Network,Fall 2025,IoT Sensor Network,Completed,"Team will develop a environmental monitoring network in the iot sensor network area for Stealth Startup (NDA), delivering a working prototype, documentation, and final presentation."
Motor Control Unit,Fall 2024,Embedded Systems,Completed,"Team will develop a motor control unit in the embedded systems area for Medtronic, delivering a working prototype, documentation, and final presentation."
Customer Churn Model,Spring 2026,Predictive Modeling,Completed,"Team will develop a customer churn model in the predictive modeling area for Blue Cross Blue Shield of Texas, delivering a working prototype, documentation, and final presentation."
Reporting Automation Suite for Bell Textron,Fall 2026,Data Analytics,Active,"Team will develop a reporting automation suite in the data analytics area for Bell Textron, delivering a working prototype, documentation, and final presentation."
Automated Regression Suite,Fall 2025,Testing Automation,Completed,"Team will develop a automated regression suite in the testing automation area for Kimberly-Clark, delivering a working prototype, documentation, and final presentation."
Anomaly Detection System for Bell Textron,Spring 2026,Machine Learning,Cancelled,"Team will develop a anomaly detection system in the machine learning area for Bell Textron, delivering a working prototype, documentation, and final presentation."
Inventory Management System,Fall 2024,Enterprise Software,Completed,"Team will develop a inventory management system in the enterprise software area for Capital One, delivering a working prototype, documentation, and final presentation."
Non-invasive Glucose Sensor for Kimberly-Clark,Fall 2024,Biosensor,Completed,"Team will develop a non-invasive glucose sensor in the biosensor area for Kimberly-Clark, delivering a working prototype, documentation, and final presentation."
Automated Regression Suite,Fall 2026,Testing Automation,Pending Sponsor Approval,"Team will develop a automated regression suite in the testing automation area for Bell Textron, delivering a working prototype, documentation, and final presentation."
Low-Cost Signal Analyzer for Verizon,Spring 2025,RF/Antenna Design,On Hold,"Team will develop a low-cost signal analyzer in the rf/antenna design area for Verizon, delivering a working prototype, documentation, and final presentation."
Smart Controller Board,Spring 2025,Embedded Systems,Completed,"Team will develop a smart controller board in the embedded systems area for Stealth Startup (NDA), delivering a working prototype, documentation, and final presentation."
Smart Facility Sensors,Fall 2026,IoT Sensor Network,Pending Sponsor Approval,"Team will develop a smart facility sensors in the iot sensor network area for Children's Health Dallas, delivering a working prototype, documentation, and final presentation."
Cryptographic Co-processor,Spring 2025,Hardware Acceleration,Completed,"Team will develop a cryptographic co-processor in the hardware acceleration area for Halliburton, delivering a working prototype, documentation, and final presentation."
Cooling Test Chamber,Fall 2025,Thermal Systems,Completed,"Team will develop a cooling test chamber in the thermal systems area for Medtronic, delivering a working prototype, documentation, and final presentation."
Anomaly Detection System,Fall 2025,Machine Learning,Completed,"Team will develop a anomaly detection system in the machine learning area for Fluor Corporation, delivering a working prototype, documentation, and final presentation."
Robotic Arm Controller for Blue Cross Blue Shield of Texas,Fall 2024,Robotics Control,Completed,"Team will develop a robotic arm controller in the robotics control area for Blue Cross Blue Shield of Texas, delivering a working prototype, documentation, and final presentation."
Heat Dissipation Study & Redesign,Fall 2024,Thermal Systems,Completed,"Team will develop a heat dissipation study & redesign in the thermal systems area for Medtronic, delivering a working prototype, documentation, and final presentation."
